"job_id","job_title","salary_year_avg","company_name","skills"
552322,"Associate Director- Data Insights","255829.5","AT&T","sql"
552322,"Associate Director- Data Insights","255829.5","AT&T","python"
552322,"Associate Director- Data Insights","255829.5","AT&T","r"
552322,"Associate Director- Data Insights","255829.5","AT&T","azure"
552322,"Associate Director- Data Insights","255829.5","AT&T","databricks"
552322,"Associate Director- Data Insights","255829.5","AT&T","aws"
552322,"Associate Director- Data Insights","255829.5","AT&T","pandas"
552322,"Associate Director- Data Insights","255829.5","AT&T","pyspark"
552322,"Associate Director- Data Insights","255829.5","AT&T","jupyter"
552322,"Associate Director- Data Insights","255829.5","AT&T","excel"
552322,"Associate Director- Data Insights","255829.5","AT&T","tableau"
552322,"Associate Director- Data Insights","255829.5","AT&T","power bi"
552322,"Associate Director- Data Insights","255829.5","AT&T","powerpoint"
99305,"Data Analyst, Marketing","232423.0","Pinterest Job Advertisements","sql"
99305,"Data Analyst, Marketing","232423.0","Pinterest Job Advertisements","python"
99305,"Data Analyst, Marketing","232423.0","Pinterest Job Advertisements","r"
99305,"Data Analyst, Marketing","232423.0","Pinterest Job Advertisements","hadoop"
99305,"Data Analyst, Marketing","232423.0","Pinterest Job Advertisements","tableau"
1021647,"Data Analyst (Hybrid/Remote)","217000.0","Uclahealthcareers","sql"
1021647,"Data Analyst (Hybrid/Remote)","217000.0","Uclahealthcareers","crystal"
1021647,"Data Analyst (Hybrid/Remote)","217000.0","Uclahealthcareers","oracle"
1021647,"Data Analyst (Hybrid/Remote)","217000.0","Uclahealthcareers","tableau"
1021647,"Data Analyst (Hybrid/Remote)","217000.0","Uclahealthcareers","flow"
168310,"Principal Data Analyst (Remote)","205000.0","SmartAsset","sql"
168310,"Principal Data Analyst (Remote)","205000.0","SmartAsset","python"
168310,"Principal Data Analyst (Remote)","205000.0","SmartAsset","go"
168310,"Principal Data Analyst (Remote)","205000.0","SmartAsset","snowflake"
168310,"Principal Data Analyst (Remote)","205000.0","SmartAsset","pandas"
168310,"Principal Data Analyst (Remote)","205000.0","SmartAsset","numpy"
168310,"Principal Data Analyst (Remote)","205000.0","SmartAsset","excel"
168310,"Principal Data Analyst (Remote)","205000.0","SmartAsset","tableau"
168310,"Principal Data Analyst (Remote)","205000.0","SmartAsset","gitlab"
731368,"Director, Data Analyst - HYBRID","189309.0","Inclusively","sql"
731368,"Director, Data Analyst - HYBRID","189309.0","Inclusively","python"
731368,"Director, Data Analyst - HYBRID","189309.0","Inclusively","azure"
731368,"Director, Data Analyst - HYBRID","189309.0","Inclusively","aws"
731368,"Director, Data Analyst - HYBRID","189309.0","Inclusively","oracle"
731368,"Director, Data Analyst - HYBRID","189309.0","Inclusively","snowflake"
731368,"Director, Data Analyst - HYBRID","189309.0","Inclusively","tableau"
731368,"Director, Data Analyst - HYBRID","189309.0","Inclusively","power bi"
731368,"Director, Data Analyst - HYBRID","189309.0","Inclusively","sap"
731368,"Director, Data Analyst - HYBRID","189309.0","Inclusively","jenkins"
731368,"Director, Data Analyst - HYBRID","189309.0","Inclusively","bitbucket"
731368,"Director, Data Analyst - HYBRID","189309.0","Inclusively","atlassian"
731368,"Director, Data Analyst - HYBRID","189309.0","Inclusively","jira"
731368,"Director, Data Analyst - HYBRID","189309.0","Inclusively","confluence"
310660,"Principal Data Analyst, AV Performance Analysis","189000.0","Motional","sql"
310660,"Principal Data Analyst, AV Performance Analysis","189000.0","Motional","python"
310660,"Principal Data Analyst, AV Performance Analysis","189000.0","Motional","r"
310660,"Principal Data Analyst, AV Performance Analysis","189000.0","Motional","git"
310660,"Principal Data Analyst, AV Performance Analysis","189000.0","Motional","bitbucket"
310660,"Principal Data Analyst, AV Performance Analysis","189000.0","Motional","atlassian"
310660,"Principal Data Analyst, AV Performance Analysis","189000.0","Motional","jira"
310660,"Principal Data Analyst, AV Performance Analysis","189000.0","Motional","confluence"
1749593,"Principal Data Analyst","186000.0","SmartAsset","sql"
1749593,"Principal Data Analyst","186000.0","SmartAsset","python"
1749593,"Principal Data Analyst","186000.0","SmartAsset","go"
1749593,"Principal Data Analyst","186000.0","SmartAsset","snowflake"
1749593,"Principal Data Analyst","186000.0","SmartAsset","pandas"
1749593,"Principal Data Analyst","186000.0","SmartAsset","numpy"
1749593,"Principal Data Analyst","186000.0","SmartAsset","excel"
1749593,"Principal Data Analyst","186000.0","SmartAsset","tableau"
1749593,"Principal Data Analyst","186000.0","SmartAsset","gitlab"
387860,"ERM Data Analyst","184000.0","Get It Recruit - Information Technology","sql"
387860,"ERM Data Analyst","184000.0","Get It Recruit - Information Technology","python"
387860,"ERM Data Analyst","184000.0","Get It Recruit - Information Technology","r"
1781684,"DTCC Data Analyst","170000.0","Robert Half","java"
1781684,"DTCC Data Analyst","170000.0","Robert Half","go"
1781684,"DTCC Data Analyst","170000.0","Robert Half","excel"
1352513,"REMOTE Director of Data Analytics","170000.0","A-Line Staffing Solutions","sql"
1352513,"REMOTE Director of Data Analytics","170000.0","A-Line Staffing Solutions","python"
1352513,"REMOTE Director of Data Analytics","170000.0","A-Line Staffing Solutions","azure"
987523,"Azure Data Python Consultant - contract to HIRE - Citizen or Perm...","170000.0","Kelly Science, Engineering, Technology & Telecom","sql"
987523,"Azure Data Python Consultant - contract to HIRE - Citizen or Perm...","170000.0","Kelly Science, Engineering, Technology & Telecom","python"
987523,"Azure Data Python Consultant - contract to HIRE - Citizen or Perm...","170000.0","Kelly Science, Engineering, Technology & Telecom","azure"
987523,"Azure Data Python Consultant - contract to HIRE - Citizen or Perm...","170000.0","Kelly Science, Engineering, Technology & Telecom","databricks"
987523,"Azure Data Python Consultant - contract to HIRE - Citizen or Perm...","170000.0","Kelly Science, Engineering, Technology & Telecom","power bi"
1525451,"Manager, Data Analyst","167000.0","Uber","sql"
1525451,"Manager, Data Analyst","167000.0","Uber","python"
1525451,"Manager, Data Analyst","167000.0","Uber","r"
1525451,"Manager, Data Analyst","167000.0","Uber","swift"
1525451,"Manager, Data Analyst","167000.0","Uber","excel"
1525451,"Manager, Data Analyst","167000.0","Uber","tableau"
1525451,"Manager, Data Analyst","167000.0","Uber","looker"
712473,"Data Analyst","165000.0","Get It Recruit - Information Technology","sql"
712473,"Data Analyst","165000.0","Get It Recruit - Information Technology","python"
712473,"Data Analyst","165000.0","Get It Recruit - Information Technology","r"
712473,"Data Analyst","165000.0","Get It Recruit - Information Technology","sas"
712473,"Data Analyst","165000.0","Get It Recruit - Information Technology","matlab"
712473,"Data Analyst","165000.0","Get It Recruit - Information Technology","pandas"
712473,"Data Analyst","165000.0","Get It Recruit - Information Technology","tableau"
712473,"Data Analyst","165000.0","Get It Recruit - Information Technology","looker"
712473,"Data Analyst","165000.0","Get It Recruit - Information Technology","sas"
1246069,"Data Analyst","165000.0","Plexus Resource Solutions","python"
1246069,"Data Analyst","165000.0","Plexus Resource Solutions","mysql"
1246069,"Data Analyst","165000.0","Plexus Resource Solutions","aws"
618890,"Principal Data Intelligence Analyst - Cardiac - Remote","163500.0","CEDARS-SINAI","sas"
618890,"Principal Data Intelligence Analyst - Cardiac - Remote","163500.0","CEDARS-SINAI","go"
618890,"Principal Data Intelligence Analyst - Cardiac - Remote","163500.0","CEDARS-SINAI","crystal"
618890,"Principal Data Intelligence Analyst - Cardiac - Remote","163500.0","CEDARS-SINAI","tableau"
618890,"Principal Data Intelligence Analyst - Cardiac - Remote","163500.0","CEDARS-SINAI","sas"
918213,"Senior - Data Analyst","160515.0","DIRECTV","sql"
918213,"Senior - Data Analyst","160515.0","DIRECTV","python"
918213,"Senior - Data Analyst","160515.0","DIRECTV","scala"
918213,"Senior - Data Analyst","160515.0","DIRECTV","r"
918213,"Senior - Data Analyst","160515.0","DIRECTV","mysql"
918213,"Senior - Data Analyst","160515.0","DIRECTV","postgresql"
918213,"Senior - Data Analyst","160515.0","DIRECTV","couchbase"
918213,"Senior - Data Analyst","160515.0","DIRECTV","azure"
918213,"Senior - Data Analyst","160515.0","DIRECTV","databricks"
918213,"Senior - Data Analyst","160515.0","DIRECTV","aws"
918213,"Senior - Data Analyst","160515.0","DIRECTV","redshift"
918213,"Senior - Data Analyst","160515.0","DIRECTV","oracle"
918213,"Senior - Data Analyst","160515.0","DIRECTV","snowflake"
918213,"Senior - Data Analyst","160515.0","DIRECTV","watson"
918213,"Senior - Data Analyst","160515.0","DIRECTV","pyspark"
918213,"Senior - Data Analyst","160515.0","DIRECTV","airflow"
918213,"Senior - Data Analyst","160515.0","DIRECTV","linux"
918213,"Senior - Data Analyst","160515.0","DIRECTV","tableau"
918213,"Senior - Data Analyst","160515.0","DIRECTV","ssis"
918213,"Senior - Data Analyst","160515.0","DIRECTV","cognos"
918213,"Senior - Data Analyst","160515.0","DIRECTV","visio"
475626,"Principal Data Analyst","160000.0","Realtime Recruitment","snowflake"
475626,"Principal Data Analyst","160000.0","Realtime Recruitment","power bi"
475626,"Principal Data Analyst","160000.0","Realtime Recruitment","looker"
182813,"Principal Data Analyst","160000.0","Get It Recruit - Information Technology","sql"
182813,"Principal Data Analyst","160000.0","Get It Recruit - Information Technology","python"
182813,"Principal Data Analyst","160000.0","Get It Recruit - Information Technology","r"
182813,"Principal Data Analyst","160000.0","Get It Recruit - Information Technology","sas"
182813,"Principal Data Analyst","160000.0","Get It Recruit - Information Technology","sql server"
182813,"Principal Data Analyst","160000.0","Get It Recruit - Information Technology","azure"
182813,"Principal Data Analyst","160000.0","Get It Recruit - Information Technology","power bi"
182813,"Principal Data Analyst","160000.0","Get It Recruit - Information Technology","sas"
182813,"Principal Data Analyst","160000.0","Get It Recruit - Information Technology","ssrs"
783771,"SQL DEVELOPER / DATA ANALYST (Insurance industry Experience) ...","160000.0","Robert Half","sql"
783771,"SQL DEVELOPER / DATA ANALYST (Insurance industry Experience) ...","160000.0","Robert Half","java"
266799,"Applied Scientist - Maps","157500.0","Uber","sql"
266799,"Applied Scientist - Maps","157500.0","Uber","python"
266799,"Applied Scientist - Maps","157500.0","Uber","r"
266799,"Applied Scientist - Maps","157500.0","Uber","spark"
485388,"System Data Analyst","157500.0","Edgewater Federal Solutions, Inc.","sql"
485388,"System Data Analyst","157500.0","Edgewater Federal Solutions, Inc.","go"
485388,"System Data Analyst","157500.0","Edgewater Federal Solutions, Inc.","oracle"
25761,"Data Analyst - Remote","155485.5","CaptivateIQ","sql"
25761,"Data Analyst - Remote","155485.5","CaptivateIQ","python"
25761,"Data Analyst - Remote","155485.5","CaptivateIQ","r"
25761,"Data Analyst - Remote","155485.5","CaptivateIQ","tableau"
25761,"Data Analyst - Remote","155485.5","CaptivateIQ","looker"
25761,"Data Analyst - Remote","155485.5","CaptivateIQ","datarobot"
105157,"Lead Data Analyst","155000.0","Motion Recruitment","sql"
105157,"Lead Data Analyst","155000.0","Motion Recruitment","python"
105157,"Lead Data Analyst","155000.0","Motion Recruitment","scala"
105157,"Lead Data Analyst","155000.0","Motion Recruitment","java"
105157,"Lead Data Analyst","155000.0","Motion Recruitment","c++"
105157,"Lead Data Analyst","155000.0","Motion Recruitment","redshift"
105157,"Lead Data Analyst","155000.0","Motion Recruitment","snowflake"
105157,"Lead Data Analyst","155000.0","Motion Recruitment","spark"
105157,"Lead Data Analyst","155000.0","Motion Recruitment","airflow"
105157,"Lead Data Analyst","155000.0","Motion Recruitment","hadoop"
105157,"Lead Data Analyst","155000.0","Motion Recruitment","tableau"
565646,"Staff Business Data Analyst (Remote U.S. OK)","152625.0","Zscaler","sql"
565646,"Staff Business Data Analyst (Remote U.S. OK)","152625.0","Zscaler","hadoop"
565646,"Staff Business Data Analyst (Remote U.S. OK)","152625.0","Zscaler","excel"
565646,"Staff Business Data Analyst (Remote U.S. OK)","152625.0","Zscaler","tableau"
565646,"Staff Business Data Analyst (Remote U.S. OK)","152625.0","Zscaler","looker"
795614,"Staff Business Data Analyst (Remote U.S. OK)","152625.0","Zscaler","sql"
795614,"Staff Business Data Analyst (Remote U.S. OK)","152625.0","Zscaler","hadoop"
795614,"Staff Business Data Analyst (Remote U.S. OK)","152625.0","Zscaler","excel"
795614,"Staff Business Data Analyst (Remote U.S. OK)","152625.0","Zscaler","tableau"
795614,"Staff Business Data Analyst (Remote U.S. OK)","152625.0","Zscaler","looker"
540057,"Lead Data Analyst, Growth (Remote)","152500.0","Rocket Money","sql"
540057,"Lead Data Analyst, Growth (Remote)","152500.0","Rocket Money","looker"
72957,"Management & Program Analyst (Data Analytics)","152221.5","US Patent and Trademark Office","sql"
72957,"Management & Program Analyst (Data Analytics)","152221.5","US Patent and Trademark Office","r"
72957,"Management & Program Analyst (Data Analytics)","152221.5","US Patent and Trademark Office","go"
72957,"Management & Program Analyst (Data Analytics)","152221.5","US Patent and Trademark Office","databricks"
72957,"Management & Program Analyst (Data Analytics)","152221.5","US Patent and Trademark Office","tableau"
72957,"Management & Program Analyst (Data Analytics)","152221.5","US Patent and Trademark Office","alteryx"
456042,"Data Analyst","151500.0","Get It Recruit - Healthcare","sql"
456042,"Data Analyst","151500.0","Get It Recruit - Healthcare","python"
456042,"Data Analyst","151500.0","Get It Recruit - Healthcare","r"
73304,"Mid-Level Data Analyst","150000.0","Patterned Learning AI","sql"
73304,"Mid-Level Data Analyst","150000.0","Patterned Learning AI","excel"
73304,"Mid-Level Data Analyst","150000.0","Patterned Learning AI","tableau"
73304,"Mid-Level Data Analyst","150000.0","Patterned Learning AI","sheets"
591850,"Mid-Level Data BI Analyst","150000.0","Patterned Learning AI","sql"
591850,"Mid-Level Data BI Analyst","150000.0","Patterned Learning AI","nosql"
591850,"Mid-Level Data BI Analyst","150000.0","Patterned Learning AI","vba"
591850,"Mid-Level Data BI Analyst","150000.0","Patterned Learning AI","oracle"
591850,"Mid-Level Data BI Analyst","150000.0","Patterned Learning AI","hadoop"
591850,"Mid-Level Data BI Analyst","150000.0","Patterned Learning AI","excel"
591850,"Mid-Level Data BI Analyst","150000.0","Patterned Learning AI","tableau"
1402149,"Lead Data Analyst - Retirement Product Management","148238.5","Edward Jones","sql"
1402149,"Lead Data Analyst - Retirement Product Management","148238.5","Edward Jones","python"
1402149,"Lead Data Analyst - Retirement Product Management","148238.5","Edward Jones","nosql"
1402149,"Lead Data Analyst - Retirement Product Management","148238.5","Edward Jones","r"
1402149,"Lead Data Analyst - Retirement Product Management","148238.5","Edward Jones","sas"
1402149,"Lead Data Analyst - Retirement Product Management","148238.5","Edward Jones","vba"
1402149,"Lead Data Analyst - Retirement Product Management","148238.5","Edward Jones","db2"
1402149,"Lead Data Analyst - Retirement Product Management","148238.5","Edward Jones","oracle"
1402149,"Lead Data Analyst - Retirement Product Management","148238.5","Edward Jones","hadoop"
1402149,"Lead Data Analyst - Retirement Product Management","148238.5","Edward Jones","excel"
1402149,"Lead Data Analyst - Retirement Product Management","148238.5","Edward Jones","tableau"
1402149,"Lead Data Analyst - Retirement Product Management","148238.5","Edward Jones","sas"
1402149,"Lead Data Analyst - Retirement Product Management","148238.5","Edward Jones","microstrategy"
1402149,"Lead Data Analyst - Retirement Product Management","148238.5","Edward Jones","spss"
1694004,"Manager - Data Analyst","147285.0","EXL Service","sql"
1694004,"Manager - Data Analyst","147285.0","EXL Service","python"
1694004,"Manager - Data Analyst","147285.0","EXL Service","sas"
1694004,"Manager - Data Analyst","147285.0","EXL Service","t-sql"
1694004,"Manager - Data Analyst","147285.0","EXL Service","snowflake"
1694004,"Manager - Data Analyst","147285.0","EXL Service","hadoop"
1694004,"Manager - Data Analyst","147285.0","EXL Service","excel"
1694004,"Manager - Data Analyst","147285.0","EXL Service","sas"
1694004,"Manager - Data Analyst","147285.0","EXL Service","ssis"
712558,"Data Scientist Analyst","145000.0","ALTA IT Services","sql"
712558,"Data Scientist Analyst","145000.0","ALTA IT Services","python"
712558,"Data Scientist Analyst","145000.0","ALTA IT Services","r"
712558,"Data Scientist Analyst","145000.0","ALTA IT Services","sas"
712558,"Data Scientist Analyst","145000.0","ALTA IT Services","excel"
712558,"Data Scientist Analyst","145000.0","ALTA IT Services","tableau"
712558,"Data Scientist Analyst","145000.0","ALTA IT Services","power bi"
712558,"Data Scientist Analyst","145000.0","ALTA IT Services","sas"
1329162,"Data Analyst - up to 160K+","145000.0","Hire With Jarvis","sql"
1329162,"Data Analyst - up to 160K+","145000.0","Hire With Jarvis","excel"
1329162,"Data Analyst - up to 160K+","145000.0","Hire With Jarvis","tableau"
1329162,"Data Analyst - up to 160K+","145000.0","Hire With Jarvis","power bi"
405581,"Data Analyst","145000.0","CyberCoders","python"
405581,"Data Analyst","145000.0","CyberCoders","java"
405581,"Data Analyst","145000.0","CyberCoders","r"
405581,"Data Analyst","145000.0","CyberCoders","javascript"
405581,"Data Analyst","145000.0","CyberCoders","c++"
405581,"Data Analyst","145000.0","CyberCoders","tableau"
405581,"Data Analyst","145000.0","CyberCoders","power bi"
405581,"Data Analyst","145000.0","CyberCoders","qlik"
479485,"Data Analyst","145000.0","Level","sql"
479485,"Data Analyst","145000.0","Level","python"
479485,"Data Analyst","145000.0","Level","r"
479485,"Data Analyst","145000.0","Level","golang"
479485,"Data Analyst","145000.0","Level","elasticsearch"
479485,"Data Analyst","145000.0","Level","aws"
479485,"Data Analyst","145000.0","Level","bigquery"
479485,"Data Analyst","145000.0","Level","gcp"
479485,"Data Analyst","145000.0","Level","pandas"
479485,"Data Analyst","145000.0","Level","scikit-learn"
479485,"Data Analyst","145000.0","Level","looker"
479485,"Data Analyst","145000.0","Level","kubernetes"
149006,"People Data Analyst","140500.0","Insight Global","sql"
149006,"People Data Analyst","140500.0","Insight Global","python"
149006,"People Data Analyst","140500.0","Insight Global","oracle"
1090975,"Data Analyst","140500.0","Uber","sql"
1090975,"Data Analyst","140500.0","Uber","python"
1090975,"Data Analyst","140500.0","Uber","r"
1090975,"Data Analyst","140500.0","Uber","swift"
1090975,"Data Analyst","140500.0","Uber","excel"
1090975,"Data Analyst","140500.0","Uber","tableau"
1090975,"Data Analyst","140500.0","Uber","looker"
762220,"Qlik/Power BI Data Analyst | $130K-$150K + ESOP |100% USA-Remote","140000.0","IT Pros","bigquery"
762220,"Qlik/Power BI Data Analyst | $130K-$150K + ESOP |100% USA-Remote","140000.0","IT Pros","power bi"
762220,"Qlik/Power BI Data Analyst | $130K-$150K + ESOP |100% USA-Remote","140000.0","IT Pros","qlik"
208403,"Data Manager","140000.0","Insight Global","nosql"
1049000,"Sr. Data Analyst","140000.0","Sisense","sql"
1049000,"Sr. Data Analyst","140000.0","Sisense","python"
1049000,"Sr. Data Analyst","140000.0","Sisense","r"
1049000,"Sr. Data Analyst","140000.0","Sisense","snowflake"
1300702,"Data Analyst (Product Data Analyst)","139000.0","Revolut","sql"
1300702,"Data Analyst (Product Data Analyst)","139000.0","Revolut","python"
1300702,"Data Analyst (Product Data Analyst)","139000.0","Revolut","scala"
1300702,"Data Analyst (Product Data Analyst)","139000.0","Revolut","java"
1300702,"Data Analyst (Product Data Analyst)","139000.0","Revolut","c++"
388392,"Digital Marketing Data Analyst (Hybrid)","138640.0","United Services Automobile Association","sql"
388392,"Digital Marketing Data Analyst (Hybrid)","138640.0","United Services Automobile Association","nosql"
388392,"Digital Marketing Data Analyst (Hybrid)","138640.0","United Services Automobile Association","javascript"
388392,"Digital Marketing Data Analyst (Hybrid)","138640.0","United Services Automobile Association","snowflake"
388392,"Digital Marketing Data Analyst (Hybrid)","138640.0","United Services Automobile Association","hadoop"
388392,"Digital Marketing Data Analyst (Hybrid)","138640.0","United Services Automobile Association","phoenix"
388392,"Digital Marketing Data Analyst (Hybrid)","138640.0","United Services Automobile Association","tableau"
1482852,"Data Analyst","138500.0","Overmind","sql"
1482852,"Data Analyst","138500.0","Overmind","python"
350382,"Lead I - Power BI Data Analyst","138000.0","Get It Recruit - Information Technology","sql"
350382,"Lead I - Power BI Data Analyst","138000.0","Get It Recruit - Information Technology","nosql"
350382,"Lead I - Power BI Data Analyst","138000.0","Get It Recruit - Information Technology","sql server"
350382,"Lead I - Power BI Data Analyst","138000.0","Get It Recruit - Information Technology","azure"
350382,"Lead I - Power BI Data Analyst","138000.0","Get It Recruit - Information Technology","power bi"
350382,"Lead I - Power BI Data Analyst","138000.0","Get It Recruit - Information Technology","dax"
835092,"Secret Data Analyst Remote / Telecommute Jobs","137500.0","Insight Global, Inc.","sharepoint"
740073,"Data Analytics Manager","137000.0","WhiteCrow","excel"
740073,"Data Analytics Manager","137000.0","WhiteCrow","powerpoint"
1326467,"Data Analyst","135000.0","EPIC Brokers","excel"
479965,"Data Analyst","135000.0","InvestM Technology LLC","sql"
479965,"Data Analyst","135000.0","InvestM Technology LLC","excel"
479965,"Data Analyst","135000.0","InvestM Technology LLC","power bi"
777802,"Lead Data Analyst / SQL Developer","135000.0","Robert Half","sql"
777802,"Lead Data Analyst / SQL Developer","135000.0","Robert Half","python"
777802,"Lead Data Analyst / SQL Developer","135000.0","Robert Half","go"
777802,"Lead Data Analyst / SQL Developer","135000.0","Robert Half","c"
777802,"Lead Data Analyst / SQL Developer","135000.0","Robert Half","sql server"
513988,"Data Analyst - Advanced Analytics","135000.0","Get It Recruit - Hospitality","sql"
513988,"Data Analyst - Advanced Analytics","135000.0","Get It Recruit - Hospitality","python"
513988,"Data Analyst - Advanced Analytics","135000.0","Get It Recruit - Hospitality","r"
513988,"Data Analyst - Advanced Analytics","135000.0","Get It Recruit - Hospitality","sas"
513988,"Data Analyst - Advanced Analytics","135000.0","Get It Recruit - Hospitality","sas"
311931,"Data Analyst III","132500.0","SoftDev Incorporated","sql"
311931,"Data Analyst III","132500.0","SoftDev Incorporated","python"
311931,"Data Analyst III","132500.0","SoftDev Incorporated","r"
311931,"Data Analyst III","132500.0","SoftDev Incorporated","sheets"
262837,"Quantitative Scientist (Remote)","132500.0","Osmind","sql"
262837,"Quantitative Scientist (Remote)","132500.0","Osmind","python"
262837,"Quantitative Scientist (Remote)","132500.0","Osmind","r"
990420,"Data Insights Analyst III","132500.0","Get It Recruit - Information Technology","sql"
990420,"Data Insights Analyst III","132500.0","Get It Recruit - Information Technology","python"
990420,"Data Insights Analyst III","132500.0","Get It Recruit - Information Technology","r"
990420,"Data Insights Analyst III","132500.0","Get It Recruit - Information Technology","tableau"
92703,"Sr. Data Analyst","130000.0","Launch Consulting Group","sql"
92703,"Sr. Data Analyst","130000.0","Launch Consulting Group","azure"
92703,"Sr. Data Analyst","130000.0","Launch Consulting Group","aws"
92703,"Sr. Data Analyst","130000.0","Launch Consulting Group","snowflake"
92703,"Sr. Data Analyst","130000.0","Launch Consulting Group","excel"
92703,"Sr. Data Analyst","130000.0","Launch Consulting Group","tableau"
92703,"Sr. Data Analyst","130000.0","Launch Consulting Group","power bi"
92703,"Sr. Data Analyst","130000.0","Launch Consulting Group","dax"
92703,"Sr. Data Analyst","130000.0","Launch Consulting Group","visio"
92703,"Sr. Data Analyst","130000.0","Launch Consulting Group","flow"
92703,"Sr. Data Analyst","130000.0","Launch Consulting Group","jira"
21451,"Data Analyst must have telecom domain experince","130000.0","ApTask","sql"
21451,"Data Analyst must have telecom domain experince","130000.0","ApTask","python"
21451,"Data Analyst must have telecom domain experince","130000.0","ApTask","sheets"
21451,"Data Analyst must have telecom domain experince","130000.0","ApTask","flow"
1209798,"Data Analyst","130000.0","Doximity","sql"
1209798,"Data Analyst","130000.0","Doximity","python"
1209798,"Data Analyst","130000.0","Doximity","spark"
1209798,"Data Analyst","130000.0","Doximity","pandas"
1209798,"Data Analyst","130000.0","Doximity","numpy"
1209798,"Data Analyst","130000.0","Doximity","unix"
1209798,"Data Analyst","130000.0","Doximity","git"
1209798,"Data Analyst","130000.0","Doximity","github"
447569,"Lead Data Analyst","130000.0","Kforce Technology Staffing","sql"
447569,"Lead Data Analyst","130000.0","Kforce Technology Staffing","python"
447569,"Lead Data Analyst","130000.0","Kforce Technology Staffing","r"
447569,"Lead Data Analyst","130000.0","Kforce Technology Staffing","databricks"
447569,"Lead Data Analyst","130000.0","Kforce Technology Staffing","aws"
447569,"Lead Data Analyst","130000.0","Kforce Technology Staffing","redshift"
447569,"Lead Data Analyst","130000.0","Kforce Technology Staffing","snowflake"
447569,"Lead Data Analyst","130000.0","Kforce Technology Staffing","tableau"
1531276,"System Data Analyst","130000.0","Alpha Silicon","sql"
1531276,"System Data Analyst","130000.0","Alpha Silicon","python"
1531276,"System Data Analyst","130000.0","Alpha Silicon","sheets"
1531276,"System Data Analyst","130000.0","Alpha Silicon","flow"
1686779,"Data Insights Manager","130000.0","Get It Recruit - Information Technology","sql"
1686779,"Data Insights Manager","130000.0","Get It Recruit - Information Technology","python"
1686779,"Data Insights Manager","130000.0","Get It Recruit - Information Technology","r"
1686779,"Data Insights Manager","130000.0","Get It Recruit - Information Technology","sql server"
1686779,"Data Insights Manager","130000.0","Get It Recruit - Information Technology","excel"
1686779,"Data Insights Manager","130000.0","Get It Recruit - Information Technology","tableau"
1686779,"Data Insights Manager","130000.0","Get It Recruit - Information Technology","power bi"
1566076,"Manager, Data Analytics (Bioscience) - Remote","129000.0","Lonza","python"
1566076,"Manager, Data Analytics (Bioscience) - Remote","129000.0","Lonza","power bi"
1148444,"Data Analyst","127000.0","Acorns","outlook"
1791785,"Marketing Data Analyst (Remote)","127000.0","Cash App","sql"
1791785,"Marketing Data Analyst (Remote)","127000.0","Cash App","go"
1791785,"Marketing Data Analyst (Remote)","127000.0","Cash App","c"
1791785,"Marketing Data Analyst (Remote)","127000.0","Cash App","twilio"
592669,"Behavioral Health Data Analyst- REMOTE","126452.0","ICF","sql"
592669,"Behavioral Health Data Analyst- REMOTE","126452.0","ICF","python"
592669,"Behavioral Health Data Analyst- REMOTE","126452.0","ICF","r"
592669,"Behavioral Health Data Analyst- REMOTE","126452.0","ICF","sas"
592669,"Behavioral Health Data Analyst- REMOTE","126452.0","ICF","tableau"
592669,"Behavioral Health Data Analyst- REMOTE","126452.0","ICF","sas"
592669,"Behavioral Health Data Analyst- REMOTE","126452.0","ICF","spss"
116211,"Sr Data Analyst - Remote","126000.0","UnitedHealthcare","sql"
116211,"Sr Data Analyst - Remote","126000.0","UnitedHealthcare","sql server"
116211,"Sr Data Analyst - Remote","126000.0","UnitedHealthcare","ssis"
116211,"Sr Data Analyst - Remote","126000.0","UnitedHealthcare","ssrs"
502626,"Sr Data Analyst, Consultant - Client Facing - Remote","126000.0","UnitedHealth Group","sql"
502626,"Sr Data Analyst, Consultant - Client Facing - Remote","126000.0","UnitedHealth Group","python"
502626,"Sr Data Analyst, Consultant - Client Facing - Remote","126000.0","UnitedHealth Group","r"
502626,"Sr Data Analyst, Consultant - Client Facing - Remote","126000.0","UnitedHealth Group","sas"
502626,"Sr Data Analyst, Consultant - Client Facing - Remote","126000.0","UnitedHealth Group","aws"
502626,"Sr Data Analyst, Consultant - Client Facing - Remote","126000.0","UnitedHealth Group","sas"
1735665,"Mid-Level Decision Science Analyst","125930.0","USAA","sql"
1735665,"Mid-Level Decision Science Analyst","125930.0","USAA","sas"
1735665,"Mid-Level Decision Science Analyst","125930.0","USAA","phoenix"
1735665,"Mid-Level Decision Science Analyst","125930.0","USAA","sas"
748965,"Strategy and Data Analyst, Sustainability","125500.0","Uber","sql"
748965,"Strategy and Data Analyst, Sustainability","125500.0","Uber","python"
748965,"Strategy and Data Analyst, Sustainability","125500.0","Uber","r"
748965,"Strategy and Data Analyst, Sustainability","125500.0","Uber","go"
1551308,"Investment Data and Analytics Manager","125000.0","Get It Recruit - Information Technology","sql"
1551308,"Investment Data and Analytics Manager","125000.0","Get It Recruit - Information Technology","python"
1551308,"Investment Data and Analytics Manager","125000.0","Get It Recruit - Information Technology","r"
1551308,"Investment Data and Analytics Manager","125000.0","Get It Recruit - Information Technology","vba"
1551308,"Investment Data and Analytics Manager","125000.0","Get It Recruit - Information Technology","excel"
1551308,"Investment Data and Analytics Manager","125000.0","Get It Recruit - Information Technology","tableau"
1551308,"Investment Data and Analytics Manager","125000.0","Get It Recruit - Information Technology","alteryx"
1551308,"Investment Data and Analytics Manager","125000.0","Get It Recruit - Information Technology","flow"
400967,"Healthcare Data Analyst (Manager)- $120,000-130,000/yr | Remote in PST","125000.0","PWR Staffing & Recruiting","sql"
285447,"Data Analyst","125000.0","Robert Half","flow"
300502,"Healthcare Data Analyst","125000.0","Get It Recruit - Real Estate","sql"
300502,"Healthcare Data Analyst","125000.0","Get It Recruit - Real Estate","python"
300502,"Healthcare Data Analyst","125000.0","Get It Recruit - Real Estate","shell"
300502,"Healthcare Data Analyst","125000.0","Get It Recruit - Real Estate","bigquery"
300502,"Healthcare Data Analyst","125000.0","Get It Recruit - Real Estate","redshift"
300502,"Healthcare Data Analyst","125000.0","Get It Recruit - Real Estate","spark"
300502,"Healthcare Data Analyst","125000.0","Get It Recruit - Real Estate","airflow"
300502,"Healthcare Data Analyst","125000.0","Get It Recruit - Real Estate","jupyter"
900945,"Data Analyst","125000.0","The Walt Disney Company","sql"
900945,"Data Analyst","125000.0","The Walt Disney Company","python"
900945,"Data Analyst","125000.0","The Walt Disney Company","r"
900945,"Data Analyst","125000.0","The Walt Disney Company","sas"
900945,"Data Analyst","125000.0","The Walt Disney Company","databricks"
900945,"Data Analyst","125000.0","The Walt Disney Company","snowflake"
900945,"Data Analyst","125000.0","The Walt Disney Company","sas"
900945,"Data Analyst","125000.0","The Walt Disney Company","spss"
595967,"Data Science Analyst 2 (Pop Health)","125000.0","Starbridge Partners","sql"
595967,"Data Science Analyst 2 (Pop Health)","125000.0","Starbridge Partners","python"
595967,"Data Science Analyst 2 (Pop Health)","125000.0","Starbridge Partners","r"
595967,"Data Science Analyst 2 (Pop Health)","125000.0","Starbridge Partners","sas"
595967,"Data Science Analyst 2 (Pop Health)","125000.0","Starbridge Partners","sas"
1229773,"Manager, Data Analytics & Reporting - Remote","125000.0","Infinity Consulting Solutions, Inc.","sql"
1229773,"Manager, Data Analytics & Reporting - Remote","125000.0","Infinity Consulting Solutions, Inc.","go"
1229773,"Manager, Data Analytics & Reporting - Remote","125000.0","Infinity Consulting Solutions, Inc.","excel"
1229773,"Manager, Data Analytics & Reporting - Remote","125000.0","Infinity Consulting Solutions, Inc.","notion"
1216840,"Data Analyst, Operations (Remote)","125000.0","hims & hers","sql"
1216840,"Data Analyst, Operations (Remote)","125000.0","hims & hers","python"
1216840,"Data Analyst, Operations (Remote)","125000.0","hims & hers","r"
1216840,"Data Analyst, Operations (Remote)","125000.0","hims & hers","bash"
1216840,"Data Analyst, Operations (Remote)","125000.0","hims & hers","postgresql"
1216840,"Data Analyst, Operations (Remote)","125000.0","hims & hers","bigquery"
1216840,"Data Analyst, Operations (Remote)","125000.0","hims & hers","airflow"
1216840,"Data Analyst, Operations (Remote)","125000.0","hims & hers","looker"
1682817,"Data Analyst: regional physical security","124500.0","Blackstone Consulting, Inc.","excel"
1682817,"Data Analyst: regional physical security","124500.0","Blackstone Consulting, Inc.","power bi"
1682817,"Data Analyst: regional physical security","124500.0","Blackstone Consulting, Inc.","word"
1682817,"Data Analyst: regional physical security","124500.0","Blackstone Consulting, Inc.","sharepoint"
1682817,"Data Analyst: regional physical security","124500.0","Blackstone Consulting, Inc.","powerpoint"
1682817,"Data Analyst: regional physical security","124500.0","Blackstone Consulting, Inc.","microsoft teams"
821092,"Data Analyst, Support Operations","124000.0","Cloudflare","sql"
821092,"Data Analyst, Support Operations","124000.0","Cloudflare","python"
821092,"Data Analyst, Support Operations","124000.0","Cloudflare","r"
821092,"Data Analyst, Support Operations","124000.0","Cloudflare","tableau"
821092,"Data Analyst, Support Operations","124000.0","Cloudflare","looker"
631753,"Data Analytics Manager","123000.0","Get It Recruit - Information Technology","sql"
631753,"Data Analytics Manager","123000.0","Get It Recruit - Information Technology","tableau"
631753,"Data Analytics Manager","123000.0","Get It Recruit - Information Technology","power bi"
631753,"Data Analytics Manager","123000.0","Get It Recruit - Information Technology","looker"
596565,"Lead Analyst - Data Analytics - Remote","122769.0","ICF","sql"
596565,"Lead Analyst - Data Analytics - Remote","122769.0","ICF","python"
596565,"Lead Analyst - Data Analytics - Remote","122769.0","ICF","tableau"
596565,"Lead Analyst - Data Analytics - Remote","122769.0","ICF","power bi"
1015777,"Decision Science Analyst - Consumer Lending","122500.0","Analytic Recruiting Inc.","sql"
1015777,"Decision Science Analyst - Consumer Lending","122500.0","Analytic Recruiting Inc.","python"
1015777,"Decision Science Analyst - Consumer Lending","122500.0","Analytic Recruiting Inc.","sas"
1015777,"Decision Science Analyst - Consumer Lending","122500.0","Analytic Recruiting Inc.","snowflake"
1015777,"Decision Science Analyst - Consumer Lending","122500.0","Analytic Recruiting Inc.","tableau"
1015777,"Decision Science Analyst - Consumer Lending","122500.0","Analytic Recruiting Inc.","sas"
238020,"Business Data Analyst with SQL (Strong)","122500.0","Innova Solutions","sql"
238020,"Business Data Analyst with SQL (Strong)","122500.0","Innova Solutions","aws"
238020,"Business Data Analyst with SQL (Strong)","122500.0","Innova Solutions","jira"
238020,"Business Data Analyst with SQL (Strong)","122500.0","Innova Solutions","confluence"
298860,"Sales Ops Data Analyst (Austin, TX or Remote)","122000.0","Cloudflare","sql"
298860,"Sales Ops Data Analyst (Austin, TX or Remote)","122000.0","Cloudflare","bigquery"
298860,"Sales Ops Data Analyst (Austin, TX or Remote)","122000.0","Cloudflare","tableau"
298860,"Sales Ops Data Analyst (Austin, TX or Remote)","122000.0","Cloudflare","sheets"
426033,"Sales Ops Data Analyst (Remote)","122000.0","CloudFlare","sql"
426033,"Sales Ops Data Analyst (Remote)","122000.0","CloudFlare","bigquery"
426033,"Sales Ops Data Analyst (Remote)","122000.0","CloudFlare","tableau"
426033,"Sales Ops Data Analyst (Remote)","122000.0","CloudFlare","sheets"
1191992,"Business Data Analyst","120000.0","Robert Half","sql"
1191992,"Business Data Analyst","120000.0","Robert Half","tableau"
1191992,"Business Data Analyst","120000.0","Robert Half","power bi"
1611348,"Lifeforce: Data Analyst (Remote)","120000.0","M13","sql"
1611348,"Lifeforce: Data Analyst (Remote)","120000.0","M13","r"
1611348,"Lifeforce: Data Analyst (Remote)","120000.0","M13","sas"
1611348,"Lifeforce: Data Analyst (Remote)","120000.0","M13","sas"
1611348,"Lifeforce: Data Analyst (Remote)","120000.0","M13","spss"
587198,"Data Architect","120000.0","Motion Recruitment","sql"
587198,"Data Architect","120000.0","Motion Recruitment","azure"
587198,"Data Architect","120000.0","Motion Recruitment","aws"
587198,"Data Architect","120000.0","Motion Recruitment","bigquery"
587198,"Data Architect","120000.0","Motion Recruitment","redshift"
587198,"Data Architect","120000.0","Motion Recruitment","snowflake"
587198,"Data Architect","120000.0","Motion Recruitment","gcp"
587198,"Data Architect","120000.0","Motion Recruitment","tableau"
1813730,"Data Analyst","120000.0","Planet Technology","sql"
1813730,"Data Analyst","120000.0","Planet Technology","t-sql"
1813730,"Data Analyst","120000.0","Planet Technology","power bi"
999820,"Business Intelligence Data Analyst","120000.0","LAI","sql"
999820,"Business Intelligence Data Analyst","120000.0","LAI","go"
999820,"Business Intelligence Data Analyst","120000.0","LAI","excel"
999820,"Business Intelligence Data Analyst","120000.0","LAI","tableau"
999820,"Business Intelligence Data Analyst","120000.0","LAI","word"
999820,"Business Intelligence Data Analyst","120000.0","LAI","kubernetes"
999820,"Business Intelligence Data Analyst","120000.0","LAI","jira"
999820,"Business Intelligence Data Analyst","120000.0","LAI","confluence"
236172,"Data Analytics Analyst","120000.0","Get It Recruit - Information Technology","excel"
236172,"Data Analytics Analyst","120000.0","Get It Recruit - Information Technology","tableau"
236172,"Data Analytics Analyst","120000.0","Get It Recruit - Information Technology","power bi"
236172,"Data Analytics Analyst","120000.0","Get It Recruit - Information Technology","sharepoint"
236172,"Data Analytics Analyst","120000.0","Get It Recruit - Information Technology","powerpoint"
236172,"Data Analytics Analyst","120000.0","Get It Recruit - Information Technology","outlook"
236172,"Data Analytics Analyst","120000.0","Get It Recruit - Information Technology","visio"
1132443,"Risk Data Analyst","119908.0","US Development Finance Corporation (formerly Overseas Private Investment Corporation)","python"
1132443,"Risk Data Analyst","119908.0","US Development Finance Corporation (formerly Overseas Private Investment Corporation)","vba"
1132443,"Risk Data Analyst","119908.0","US Development Finance Corporation (formerly Overseas Private Investment Corporation)","tableau"
1132443,"Risk Data Analyst","119908.0","US Development Finance Corporation (formerly Overseas Private Investment Corporation)","power bi"
